id,name,type1,type2,base_hp,base_atk,base_def,base_spatk,base_spdef,base_spd
1,bulbasaur,grass,poison,45,49,49,65,65,45
2,ivysaur,grass,poison,60,62,63,80,80,60
3,venusaur,grass,poison,80,82,83,100,100,80
4,charmander,fire,,39,52,43,60,50,65
5,charmeleon,fire,,58,64,58,80,65,80
6,charizard,fire,flying,78,84,78,109,85,100
7,squirtle,water,,44,48,65,50,64,43
8,wartortle,water,,59,63,80,65,80,58
9,blastoise,water,,79,83,100,85,105,78
10,caterpie,bug,,45,30,35,20,20,45
11,metapod,bug,,50,20,55,25,25,30
12,butterfree,bug,flying,60,45,50,90,80,70
13,weedle,bug,poison,40,35,30,20,20,50
14,kakuna,bug,poison,45,25,50,25,25,35
15,beedrill,bug,poison,65,90,40,45,80,75
16,pidgey,normal,flying,40,45,40,35,35,56
17,pidgeotto,normal,flying,63,60,55,50,50,71
18,pidgeot,normal,flying,83,80,75,70,70,101
19,rattata,normal,,30,56,35,25,35,72
20,raticate,normal,,55,81,60,50,70,97
21,spearow,normal,flying,40,60,30,31,31,70
22,fearow,normal,flying,65,90,65,61,61,100
23,ekans,poison,,35,60,44,40,54,55
24,arbok,poison,,60,85,69,65,79,80
25,pikachu,electric,,35,55,40,50,50,90
26,raichu,electric,,60,90,55,90,80,110
27,sandshrew,ground,,50,75,85,20,30,40
28,sandslash,ground,,75,100,110,45,55,65
29,nidoran-f,poison,,55,47,52,40,40,41
30,nidorina,poison,,70,62,67,55,55,56
31,nidoqueen,poison,ground,90,92,87,75,85,76
32,nidoran-m,poison,,46,57,40,40,40,50
33,nidorino,poison,,61,72,57,55,55,65
34,nidoking,poison,ground,81,102,77,85,75,85
35,clefairy,fairy,,70,45,48,60,65,35
36,clefable,fairy,,95,70,73,95,90,60
37,vulpix,fire,,38,41,40,50,65,65
38,ninetales,fire,,73,76,75,81,100,100
39,jigglypuff,normal,fairy,115,45,20,45,25,20
40,wigglytuff,normal,fairy,140,70,45,85,50,45
41,zubat,poison,flying,40,45,35,30,40,55
42,golbat,poison,flying,75,80,70,65,75,90
43,oddish,grass,poison,45,50,55,75,65,30
44,gloom,grass,poison,60,65,70,85,75,40
45,vileplume,grass,poison,75,80,85,110,90,50
46,paras,bug,grass,35,70,55,45,55,25
47,parasect,bug,grass,60,95,80,60,80,30
48,venonat,bug,poison,60,55,50,40,55,45
49,venomoth,bug,poison,70,65,60,90,75,90
50,diglett,ground,,10,55,25,35,45,95
51,dugtrio,ground,,35,80,50,50,70,120
52,meowth,normal,,40,45,35,40,40,90
53,persian,normal,,65,70,60,65,65,115
54,psyduck,water,,50,52,48,65,50,55
55,golduck,water,,80,82,78,95,80,85
56,mankey,fighting,,40,80,35,35,45,70
57,primeape,fighting,,65,105,60,60,70,95
58,growlithe,fire,,55,70,45,70,50,60
59,arcanine,fire,,90,110,80,100,80,95
60,poliwag,water,,40,50,40,40,40,90
61,poliwhirl,water,,65,65,65,50,50,90
62,poliwrath,water,fighting,90,95,95,70,90,70
63,abra,psychic,,25,20,15,105,55,90
64,kadabra,psychic,,40,35,30,120,70,105
65,alakazam,psychic,,55,50,45,135,95,120
66,machop,fighting,,70,80,50,35,35,35
67,machoke,fighting,,80,100,70,50,60,45
68,machamp,fighting,,90,130,80,65,85,55
69,bellsprout,grass,poison,50,75,35,70,30,40
70,weepinbell,grass,poison,65,90,50,85,45,55
71,victreebel,grass,poison,80,105,65,100,70,70
72,tentacool,water,poison,40,40,35,50,100,70
73,tentacruel,water,poison,80,70,65,80,120,100
74,geodude,rock,ground,40,80,100,30,30,20
75,graveler,rock,ground,55,95,115,45,45,35
76,golem,rock,ground,80,120,130,55,65,45
77,ponyta,fire,,50,85,55,65,65,90
78,rapidash,fire,,65,100,70,80,80,105
79,slowpoke,water,psychic,90,65,65,40,40,15
80,slowbro,water,psychic,95,75,110,100,80,30
81,magnemite,electric,steel,25,35,70,95,55,45
82,magneton,electric,steel,50,60,95,120,70,70
83,farfetchd,normal,flying,52,65,55,58,62,60
84,doduo,normal,flying,35,85,45,35,35,75
85,dodrio,normal,flying,60,110,70,60,60,100
86,seel,water,,65,45,55,45,70,45
87,dewgong,water,ice,90,70,80,70,95,70
88,grimer,poison,,80,80,50,40,50,25
89,muk,poison,,105,105,75,65,100,50
90,shellder,water,,30,65,100,45,25,40
91,cloyster,water,ice,50,95,180,85,45,70
92,gastly,ghost,poison,30,35,30,100,35,80
93,haunter,ghost,poison,45,50,45,115,55,95
94,gengar,ghost,poison,60,65,60,130,75,110
95,onix,rock,ground,35,45,160,30,45,70
96,drowzee,psychic,,60,48,45,43,90,42
97,hypno,psychic,,85,73,70,73,115,67
98,krabby,water,,30,105,90,25,25,50
99,kingler,water,,55,130,115,50,50,75
100,voltorb,electric,,40,30,50,55,55,100
101,electrode,electric,,60,50,70,80,80,140
102,exeggcute,grass,psychic,60,40,80,60,45,40
103,exeggutor,grass,psychic,95,95,85,125,65,55
104,cubone,ground,,50,50,95,40,50,35
105,marowak,ground,,60,80,110,50,80,45
106,hitmonlee,fighting,,50,120,53,35,110,87
107,hitmonchan,fighting,,50,105,79,35,110,76
108,lickitung,normal,,90,55,75,60,75,30
109,koffing,poison,,40,65,95,60,45,35
110,weezing,poison,,65,90,120,85,70,60
111,rhyhorn,ground,rock,80,85,95,30,30,25
112,rhydon,ground,rock,105,130,120,45,45,40
113,chansey,normal,,250,5,5,35,105,50
114,tangela,grass,,65,55,115,100,40,60
115,kangaskhan,normal,,105,95,80,40,80,90
116,horsea,water,,30,40,70,70,25,60
117,seadra,water,,55,65,95,95,45,85
118,goldeen,water,,45,67,60,35,50,63
119,seaking,water,,80,92,65,65,80,68
120,staryu,water,,30,45,55,70,55,85
121,starmie,water,psychic,60,75,85,100,85,115
122,mr-mime,psychic,fairy,40,45,65,100,120,90
123,scyther,bug,flying,70,110,80,55,80,105
124,jynx,ice,psychic,65,50,35,115,95,95
125,electabuzz,electric,,65,83,57,95,85,105
126,magmar,fire,,65,95,57,100,85,93
127,pinsir,bug,,65,125,100,55,70,85
128,tauros,normal,,75,100,95,40,70,110
129,magikarp,water,,20,10,55,15,20,80
130,gyarados,water,flying,95,125,79,60,100,81
131,lapras,water,ice,130,85,80,85,95,60
132,ditto,normal,,48,48,48,48,48,48
133,eevee,normal,,55,55,50,45,65,55
134,vaporeon,water,,130,65,60,110,95,65
135,jolteon,electric,,65,65,60,110,95,130
136,flareon,fire,,65,130,60,95,110,65
137,porygon,normal,,65,60,70,85,75,40
138,omanyte,rock,water,35,40,100,90,55,35
139,omastar,rock,water,70,60,125,115,70,55
140,kabuto,rock,water,30,80,90,55,45,55
141,kabutops,rock,water,60,115,105,65,70,80
142,aerodactyl,rock,flying,80,105,65,60,75,130
143,snorlax,normal,,160,110,65,65,110,30
144,articuno,ice,flying,90,85,100,95,125,85
145,zapdos,electric,flying,90,90,85,125,90,100
146,moltres,fire,flying,90,100,90,125,85,90
147,dratini,dragon,,41,64,45,50,50,50
148,dragonair,dragon,,61,84,65,70,70,70
149,dragonite,dragon,flying,91,134,95,100,100,80
150,mewtwo,psychic,,106,110,90,154,90,130
151,mew,psychic,,100,100,100,100,100,100
152,chikorita,grass,,45,49,65,49,65,45
153,bayleef,grass,,60,62,80,63,80,60
154,meganium,grass,,80,82,100,83,100,80
155,cyndaquil,fire,,39,52,43,60,50,65
156,quilava,fire,,58,64,58,80,65,80
157,typhlosion,fire,,78,84,78,109,85,100
158,totodile,water,,50,65,64,44,48,43
159,croconaw,water,,65,80,80,59,63,58
160,feraligatr,water,,85,105,100,79,83,78
161,sentret,normal,,35,46,34,35,45,20
162,furret,normal,,85,76,64,45,55,90
163,hoothoot,normal,flying,60,30,30,36,56,50
164,noctowl,normal,flying,100,50,50,76,96,70
165,ledyba,bug,flying,40,20,30,40,80,55
166,ledian,bug,flying,55,35,50,55,110,85
167,spinarak,bug,poison,40,60,40,40,40,30
168,ariados,bug,poison,70,90,70,60,60,40
169,crobat,poison,flying,85,90,80,70,80,130
170,chinchou,water,electric,75,38,38,56,56,67
171,lanturn,water,electric,125,58,58,76,76,67
172,pichu,electric,,20,40,15,35,35,60
173,cleffa,fairy,,50,25,28,45,55,15
174,igglybuff,normal,fairy,90,30,15,40,20,15
175,togepi,fairy,,35,20,65,40,65,20
176,togetic,fairy,flying,55,40,85,80,105,40
177,natu,psychic,flying,40,50,45,70,45,70
178,xatu,psychic,flying,65,75,70,95,70,95
179,mareep,electric,,55,40,40,65,45,35
180,flaaffy,electric,,70,55,55,80,60,45
181,ampharos,electric,,90,75,85,115,90,55
182,bellossom,grass,,75,80,95,90,100,50
183,marill,water,fairy,70,20,50,20,50,40
184,azumarill,water,fairy,100,50,80,60,80,50
185,sudowoodo,rock,,70,100,115,30,65,30
186,politoed,water,,90,75,75,90,100,70
187,hoppip,grass,flying,35,35,40,35,55,50
188,skiploom,grass,flying,55,45,50,45,65,80
189,jumpluff,grass,flying,75,55,70,55,95,110
190,aipom,normal,,55,70,55,40,55,85
191,sunkern,grass,,30,30,30,30,30,30
192,sunflora,grass,,75,75,55,105,85,30
193,yanma,bug,flying,65,65,45,75,45,95
194,wooper,water,ground,55,45,45,25,25,15
195,quagsire,water,ground,95,85,85,65,65,35
196,espeon,psychic,,65,65,60,130,95,110
197,umbreon,dark,,95,65,110,60,130,65
198,murkrow,dark,flying,60,85,42,85,42,91
199,slowking,water,psychic,95,75,80,100,110,30
200,misdreavus,ghost,,60,60,60,85,85,85
201,unown,psychic,,48,72,48,72,48,48
202,wobbuffet,psychic,,190,33,58,33,58,33
203,girafarig,normal,psychic,70,80,65,90,65,85
204,pineco,bug,,50,65,90,35,35,15
205,forretress,bug,steel,75,90,140,60,60,40
206,dunsparce,normal,,100,70,70,65,65,45
207,gligar,ground,flying,65,75,105,35,65,85
208,steelix,steel,ground,75,85,200,55,65,30
209,snubbull,fairy,,60,80,50,40,40,30
210,granbull,fairy,,90,120,75,60,60,45
211,qwilfish,water,poison,65,95,75,55,55,85
212,scizor,bug,steel,70,130,100,55,80,65
213,shuckle,bug,rock,20,10,230,10,230,5
214,heracross,bug,fighting,80,125,75,40,95,85
215,sneasel,dark,ice,55,95,55,35,75,115
216,teddiursa,normal,,60,80,50,50,50,40
217,ursaring,normal,,90,130,75,75,75,55
218,slugma,fire,,40,40,40,70,40,20
219,magcargo,fire,rock,50,50,120,80,80,30
220,swinub,ice,ground,50,50,40,30,30,50
221,piloswine,ice,ground,100,100,80,60,60,50
222,corsola,water,rock,55,55,85,65,85,35
223,remoraid,water,,35,65,35,65,35,65
224,octillery,water,,75,105,75,105,75,45
225,delibird,ice,flying,45,55,45,65,45,75
226,mantine,water,flying,65,40,70,80,140,70
227,skarmory,steel,flying,65,80,140,40,70,70
228,houndour,dark,fire,45,60,30,80,50,65
229,houndoom,dark,fire,75,90,50,110,80,95
230,kingdra,water,dragon,75,95,95,95,95,85
231,phanpy,ground,,90,60,60,40,40,40
232,donphan,ground,,90,120,120,60,60,50
233,porygon2,normal,,85,80,90,105,95,60
234,stantler,normal,,73,95,62,85,65,85
235,smeargle,normal,,55,20,35,20,45,75
236,tyrogue,fighting,,35,35,35,35,35,35
237,hitmontop,fighting,,50,95,95,35,110,70
238,smoochum,ice,psychic,45,30,15,85,65,65
239,elekid,electric,,45,63,37,65,55,95
240,magby,fire,,45,75,37,70,55,83
241,miltank,normal,,95,80,105,40,70,100
242,blissey,normal,,255,10,10,75,135,55
243,raikou,electric,,90,85,75,115,100,115
244,entei,fire,,115,115,85,90,75,100
245,suicune,water,,100,75,115,90,115,85
246,larvitar,rock,ground,50,64,50,45,50,41
247,pupitar,rock,ground,70,84,70,65,70,51
248,tyranitar,rock,dark,100,134,110,95,100,61
249,lugia,psychic,flying,106,90,130,90,154,110
250,ho-oh,fire,flying,106,130,90,110,154,90
251,celebi,psychic,grass,100,100,100,100,100,100
252,treecko,grass,,40,45,35,65,55,70
253,grovyle,grass,,50,65,45,85,65,95
254,sceptile,grass,,70,85,65,105,85,120
255,torchic,fire,,45,60,40,70,50,45
256,combusken,fire,fighting,60,85,60,85,60,55
257,blaziken,fire,fighting,80,120,70,110,70,80
258,mudkip,water,,50,70,50,50,50,40
259,marshtomp,water,ground,70,85,70,60,70,50
260,swampert,water,ground,100,110,90,85,90,60
261,poochyena,dark,,35,55,35,30,30,35
262,mightyena,dark,,70,90,70,60,60,70
263,zigzagoon,normal,,38,30,41,30,41,60
264,linoone,normal,,78,70,61,50,61,100
265,wurmple,bug,,45,45,35,20,30,20
266,silcoon,bug,,50,35,55,25,25,15
267,beautifly,bug,flying,60,70,50,100,50,65
268,cascoon,bug,,50,35,55,25,25,15
269,dustox,bug,poison,60,50,70,50,90,65
270,lotad,water,grass,40,30,30,40,50,30
271,lombre,water,grass,60,50,50,60,70,50
272,ludicolo,water,grass,80,70,70,90,100,70
273,seedot,grass,,40,40,50,30,30,30
274,nuzleaf,grass,dark,70,70,40,60,40,60
275,shiftry,grass,dark,90,100,60,90,60,80
276,taillow,normal,flying,40,55,30,30,30,85
277,swellow,normal,flying,60,85,60,50,50,125
278,wingull,water,flying,40,30,30,55,30,85
279,pelipper,water,flying,60,50,100,85,70,65
280,ralts,psychic,fairy,28,25,25,45,35,40
281,kirlia,psychic,fairy,38,35,35,65,55,50
282,gardevoir,psychic,fairy,68,65,65,125,115,80
283,surskit,bug,water,40,30,32,50,52,65
284,masquerain,bug,flying,70,60,62,80,82,60
285,shroomish,grass,,60,40,60,40,60,35
286,breloom,grass,fighting,60,130,80,60,60,70
287,slakoth,normal,,60,60,60,35,35,30
288,vigoroth,normal,,80,80,80,55,55,90
289,slaking,normal,,150,160,100,95,65,100
290,nincada,bug,ground,31,45,90,30,30,40
291,ninjask,bug,flying,61,90,45,50,50,160
292,shedinja,bug,ghost,1,90,45,30,30,40
293,whismur,normal,,64,51,23,51,23,28
294,loudred,normal,,84,71,43,71,43,48
295,exploud,normal,,104,91,63,91,73,68
296,makuhita,fighting,,72,60,30,20,30,25
297,hariyama,fighting,,144,120,60,40,60,50
298,azurill,normal,fairy,50,20,40,20,40,20
299,nosepass,rock,,30,45,135,45,90,30
300,skitty,normal,,50,45,45,35,35,50
301,delcatty,normal,,70,65,65,55,55,70
302,sableye,dark,ghost,50,75,75,65,65,50
303,mawile,steel,fairy,50,85,85,55,55,50
304,aron,steel,rock,50,70,100,40,40,30
305,lairon,steel,rock,60,90,140,50,50,40
306,aggron,steel,rock,70,110,180,60,60,50
307,meditite,fighting,psychic,30,40,55,40,55,60
308,medicham,fighting,psychic,60,60,75,60,75,80
309,electrike,electric,,40,45,40,65,40,65
310,manectric,electric,,70,75,60,105,60,105
311,plusle,electric,,60,50,40,85,75,95
312,minun,electric,,60,40,50,75,85,95
313,volbeat,bug,,65,73,55,47,75,85
314,illumise,bug,,65,47,55,73,75,85
315,roselia,grass,poison,50,60,45,100,80,65
316,gulpin,poison,,70,43,53,43,53,40
317,swalot,poison,,100,73,83,73,83,55
318,carvanha,water,dark,45,90,20,65,20,65
319,sharpedo,water,dark,70,120,40,95,40,95
320,wailmer,water,,130,70,35,70,35,60
321,wailord,water,,170,90,45,90,45,60
322,numel,fire,ground,60,60,40,65,45,35
323,camerupt,fire,ground,70,100,70,105,75,40
324,torkoal,fire,,70,85,140,85,70,20
325,spoink,psychic,,60,25,35,70,80,60
326,grumpig,psychic,,80,45,65,90,110,80
327,spinda,normal,,60,60,60,60,60,60
328,trapinch,ground,,45,100,45,45,45,10
329,vibrava,ground,dragon,50,70,50,50,50,70
330,flygon,ground,dragon,80,100,80,80,80,100
331,cacnea,grass,,50,85,40,85,40,35
332,cacturne,grass,dark,70,115,60,115,60,55
333,swablu,normal,flying,45,40,60,40,75,50
334,altaria,dragon,flying,75,70,90,70,105,80
335,zangoose,normal,,73,115,60,60,60,90
336,seviper,poison,,73,100,60,100,60,65
337,lunatone,rock,psychic,70,55,65,95,85,70
338,solrock,rock,psychic,70,95,85,55,65,70
339,barboach,water,ground,50,48,43,46,41,60
340,whiscash,water,ground,110,78,73,76,71,60
341,corphish,water,,43,80,65,50,35,35
342,crawdaunt,water,dark,63,120,85,90,55,55
343,baltoy,ground,psychic,40,40,55,40,70,55
344,claydol,ground,psychic,60,70,105,70,120,75
345,lileep,rock,grass,66,41,77,61,87,23
346,cradily,rock,grass,86,81,97,81,107,43
347,anorith,rock,bug,45,95,50,40,50,75
348,armaldo,rock,bug,75,125,100,70,80,45
349,feebas,water,,20,15,20,10,55,80
350,milotic,water,,95,60,79,100,125,81
351,castform,normal,,70,70,70,70,70,70
352,kecleon,normal,,60,90,70,60,120,40
353,shuppet,ghost,,44,75,35,63,33,45
354,banette,ghost,,64,115,65,83,63,65
355,duskull,ghost,,20,40,90,30,90,25
356,dusclops,ghost,,40,70,130,60,130,25
357,tropius,grass,flying,99,68,83,72,87,51
358,chimecho,psychic,,65,50,70,95,80,65
359,absol,dark,,65,130,60,75,60,75
360,wynaut,psychic,,95,23,48,23,48,23
361,snorunt,ice,,50,50,50,50,50,50
362,glalie,ice,,80,80,80,80,80,80
363,spheal,ice,water,70,40,50,55,50,25
364,sealeo,ice,water,90,60,70,75,70,45
365,walrein,ice,water,110,80,90,95,90,65
366,clamperl,water,,35,64,85,74,55,32
367,huntail,water,,55,104,105,94,75,52
368,gorebyss,water,,55,84,105,114,75,52
369,relicanth,water,rock,100,90,130,45,65,55
370,luvdisc,water,,43,30,55,40,65,97
371,bagon,dragon,,45,75,60,40,30,50
372,shelgon,dragon,,65,95,100,60,50,50
373,salamence,dragon,flying,95,135,80,110,80,100
374,beldum,steel,psychic,40,55,80,35,60,30
375,metang,steel,psychic,60,75,100,55,80,50
376,metagross,steel,psychic,80,135,130,95,90,70
377,regirock,rock,,80,100,200,50,100,50
378,regice,ice,,80,50,100,100,200,50
379,registeel,steel,,80,75,150,75,150,50
380,latias,dragon,psychic,80,80,90,110,130,110
381,latios,dragon,psychic,80,90,80,130,110,110
382,kyogre,water,,100,100,90,150,140,90
383,groudon,ground,,100,150,140,100,90,90
384,rayquaza,dragon,flying,105,150,90,150,90,95
385,jirachi,steel,psychic,100,100,100,100,100,100
386,deoxys,psychic,,50,150,50,150,50,150
387,turtwig,grass,,55,68,64,45,55,31
388,grotle,grass,,75,89,85,55,65,36
389,torterra,grass,ground,95,109,105,75,85,56
390,chimchar,fire,,44,58,44,58,44,61
391,monferno,fire,fighting,64,78,52,78,52,81
392,infernape,fire,fighting,76,104,71,104,71,108
393,piplup,water,,53,51,53,61,56,40
394,prinplup,water,,64,66,68,81,76,50
395,empoleon,water,steel,84,86,88,111,101,60
396,starly,normal,flying,40,55,30,30,30,60
397,staravia,normal,flying,55,75,50,40,40,80
398,staraptor,normal,flying,85,120,70,50,60,100
399,bidoof,normal,,59,45,40,35,40,31
400,bibarel,normal,water,79,85,60,55,60,71
401,kricketot,bug,,37,25,41,25,41,25
402,kricketune,bug,,77,85,51,55,51,65
403,shinx,electric,,45,65,34,40,34,45
404,luxio,electric,,60,85,49,60,49,60
405,luxray,electric,,80,120,79,95,79,70
406,budew,grass,poison,40,30,35,50,70,55
407,roserade,grass,poison,60,70,65,125,105,90
408,cranidos,rock,,67,125,40,30,30,58
409,rampardos,rock,,97,165,60,65,50,58
410,shieldon,rock,steel,30,42,118,42,88,30
411,bastiodon,rock,steel,60,52,168,47,138,30
412,burmy,bug,,40,29,45,29,45,36
413,wormadam,bug,grass,60,59,85,79,105,36
414,mothim,bug,flying,70,94,50,94,50,66
415,combee,bug,flying,30,30,42,30,42,70
416,vespiquen,bug,flying,70,80,102,80,102,40
417,pachirisu,electric,,60,45,70,45,90,95
418,buizel,water,,55,65,35,60,30,85
419,floatzel,water,,85,105,55,85,50,115
420,cherubi,grass,,45,35,45,62,53,35
421,cherrim,grass,,70,60,70,87,78,85
422,shellos,water,,76,48,48,57,62,34
423,gastrodon,water,ground,111,83,68,92,82,39
424,ambipom,normal,,75,100,66,60,66,115
425,drifloon,ghost,flying,90,50,34,60,44,70
426,drifblim,ghost,flying,150,80,44,90,54,80
427,buneary,normal,,55,66,44,44,56,85
428,lopunny,normal,,65,76,84,54,96,105
429,mismagius,ghost,,60,60,60,105,105,105
430,honchkrow,dark,flying,100,125,52,105,52,71
431,glameow,normal,,49,55,42,42,37,85
432,purugly,normal,,71,82,64,64,59,112
433,chingling,psychic,,45,30,50,65,50,45
434,stunky,poison,dark,63,63,47,41,41,74
435,skuntank,poison,dark,103,93,67,71,61,84
436,bronzor,steel,psychic,57,24,86,24,86,23
437,bronzong,steel,psychic,67,89,116,79,116,33
438,bonsly,rock,,50,80,95,10,45,10
439,mime-jr,psychic,fairy,20,25,45,70,90,60
440,happiny,normal,,100,5,5,15,65,30
441,chatot,normal,flying,76,65,45,92,42,91
442,spiritomb,ghost,dark,50,92,108,92,108,35
443,gible,dragon,ground,58,70,45,40,45,42
444,gabite,dragon,ground,68,90,65,50,55,82
445,garchomp,dragon,ground,108,130,95,80,85,102
446,munchlax,normal,,135,85,40,40,85,5
447,riolu,fighting,,40,70,40,35,40,60
448,lucario,fighting,steel,70,110,70,115,70,90
449,hippopotas,ground,,68,72,78,38,42,32
450,hippowdon,ground,,108,112,118,68,72,47
451,skorupi,poison,bug,40,50,90,30,55,65
452,drapion,poison,dark,70,90,110,60,75,95
453,croagunk,poison,fighting,48,61,40,61,40,50
454,toxicroak,poison,fighting,83,106,65,86,65,85
455,carnivine,grass,,74,100,72,90,72,46
456,finneon,water,,49,49,56,49,61,66
457,lumineon,water,,69,69,76,69,86,91
458,mantyke,water,flying,45,20,50,60,120,50
459,snover,grass,ice,60,62,50,62,60,40
460,abomasnow,grass,ice,90,92,75,92,85,60
461,weavile,dark,ice,70,120,65,45,85,125
462,magnezone,electric,steel,70,70,115,130,90,60
463,lickilicky,normal,,110,85,95,80,95,50
464,rhyperior,ground,rock,115,140,130,55,55,40
465,tangrowth,grass,,100,100,125,110,50,50
466,electivire,electric,,75,123,67,95,85,95
467,magmortar,fire,,75,95,67,125,95,83
468,togekiss,fairy,flying,85,50,95,120,115,80
469,yanmega,bug,flying,86,76,86,116,56,95
470,leafeon,grass,,65,110,130,60,65,95
471,glaceon,ice,,65,60,110,130,95,65
472,gliscor,ground,flying,75,95,125,45,75,95
473,mamoswine,ice,ground,110,130,80,70,60,80
474,porygon-z,normal,,85,80,70,135,75,90
475,gallade,psychic,fighting,68,125,65,65,115,80
476,probopass,rock,steel,60,55,145,75,150,40
477,dusknoir,ghost,,45,100,135,65,135,45
478,froslass,ice,ghost,70,80,70,80,70,110
479,rotom,electric,ghost,50,50,77,95,77,91
480,uxie,psychic,,75,75,130,75,130,95
481,mesprit,psychic,,80,105,105,105,105,80
482,azelf,psychic,,75,125,70,125,70,115
483,dialga,steel,dragon,100,120,120,150,100,90
484,palkia,water,dragon,90,120,100,150,120,100
485,heatran,fire,steel,91,90,106,130,106,77
486,regigigas,normal,,110,160,110,80,110,100
487,giratina,ghost,dragon,150,100,120,100,120,90
488,cresselia,psychic,,120,70,120,75,130,85
489,phione,water,,80,80,80,80,80,80
490,manaphy,water,,100,100,100,100,100,100
491,darkrai,dark,,70,90,90,135,90,125
492,shaymin,grass,,100,100,100,100,100,100
493,arceus,normal,,120,120,120,120,120,120
494,victini,psychic,fire,100,100,100,100,100,100
495,snivy,grass,,45,45,55,45,55,63
496,servine,grass,,60,60,75,60,75,83
497,serperior,grass,,75,75,95,75,95,113
498,tepig,fire,,65,63,45,45,45,45
499,pignite,fire,fighting,90,93,55,70,55,55
500,emboar,fire,fighting,110,123,65,100,65,65
501,oshawott,water,,55,55,45,63,45,45
502,dewott,water,,75,75,60,83,60,60
503,samurott,water,,95,100,85,108,70,70
504,patrat,normal,,45,55,39,35,39,42
505,watchog,normal,,60,85,69,60,69,77
506,lillipup,normal,,45,60,45,25,45,55
507,herdier,normal,,65,80,65,35,65,60
508,stoutland,normal,,85,110,90,45,90,80
509,purrloin,dark,,41,50,37,50,37,66
510,liepard,dark,,64,88,50,88,50,106
511,pansage,grass,,50,53,48,53,48,64
512,simisage,grass,,75,98,63,98,63,101
513,pansear,fire,,50,53,48,53,48,64
514,simisear,fire,,75,98,63,98,63,101
515,panpour,water,,50,53,48,53,48,64
516,simipour,water,,75,98,63,98,63,101
517,munna,psychic,,76,25,45,67,55,24
518,musharna,psychic,,116,55,85,107,95,29
519,pidove,normal,flying,50,55,50,36,30,43
520,tranquill,normal,flying,62,77,62,50,42,65
521,unfezant,normal,flying,80,115,80,65,55,93
522,blitzle,electric,,45,60,32,50,32,76
523,zebstrika,electric,,75,100,63,80,63,116
524,roggenrola,rock,,55,75,85,25,25,15
525,boldore,rock,,70,105,105,50,40,20
526,gigalith,rock,,85,135,130,60,80,25
527,woobat,psychic,flying,55,45,43,55,43,72
528,swoobat,psychic,flying,67,57,55,77,55,114
529,drilbur,ground,,60,85,40,30,45,68
530,excadrill,ground,steel,110,135,60,50,65,88
531,audino,normal,,103,60,86,60,86,50
532,timburr,fighting,,75,80,55,25,35,35
533,gurdurr,fighting,,85,105,85,40,50,40
534,conkeldurr,fighting,,105,140,95,55,65,45
535,tympole,water,,50,50,40,50,40,64
536,palpitoad,water,ground,75,65,55,65,55,69
537,seismitoad,water,ground,105,95,75,85,75,74
538,throh,fighting,,120,100,85,30,85,45
539,sawk,fighting,,75,125,75,30,75,85
540,sewaddle,bug,grass,45,53,70,40,60,42
541,swadloon,bug,grass,55,63,90,50,80,42
542,leavanny,bug,grass,75,103,80,70,80,92
543,venipede,bug,poison,30,45,59,30,39,57
544,whirlipede,bug,poison,40,55,99,40,79,47
545,scolipede,bug,poison,60,100,89,55,69,112
546,cottonee,grass,fairy,40,27,60,37,50,66
547,whimsicott,grass,fairy,60,67,85,77,75,116
548,petilil,grass,,45,35,50,70,50,30
549,lilligant,grass,,70,60,75,110,75,90
550,basculin,water,,70,92,65,80,55,98
551,sandile,ground,dark,50,72,35,35,35,65
552,krokorok,ground,dark,60,82,45,45,45,74
553,krookodile,ground,dark,95,117,80,65,70,92
554,darumaka,fire,,70,90,45,15,45,50
555,darmanitan,fire,,105,140,55,30,55,95
556,maractus,grass,,75,86,67,106,67,60
557,dwebble,bug,rock,50,65,85,35,35,55
558,crustle,bug,rock,70,95,125,65,75,45
559,scraggy,dark,fighting,50,75,70,35,70,48
560,scrafty,dark,fighting,65,90,115,45,115,58
561,sigilyph,psychic,flying,72,58,80,103,80,97
562,yamask,ghost,,38,30,85,55,65,30
563,cofagrigus,ghost,,58,50,145,95,105,30
564,tirtouga,water,rock,54,78,103,53,45,22
565,carracosta,water,rock,74,108,133,83,65,32
566,archen,rock,flying,55,112,45,74,45,70
567,archeops,rock,flying,75,140,65,112,65,110
568,trubbish,poison,,50,50,62,40,62,65
569,garbodor,poison,,80,95,82,60,82,75
570,zorua,dark,,40,65,40,80,40,65
571,zoroark,dark,,60,105,60,120,60,105
572,minccino,normal,,55,50,40,40,40,75
573,cinccino,normal,,75,95,60,65,60,115
574,gothita,psychic,,45,30,50,55,65,45
575,gothorita,psychic,,60,45,70,75,85,55
576,gothitelle,psychic,,70,55,95,95,110,65
577,solosis,psychic,,45,30,40,105,50,20
578,duosion,psychic,,65,40,50,125,60,30
579,reuniclus,psychic,,110,65,75,125,85,30
580,ducklett,water,flying,62,44,50,44,50,55
581,swanna,water,flying,75,87,63,87,63,98
582,vanillite,ice,,36,50,50,65,60,44
583,vanillish,ice,,51,65,65,80,75,59
584,vanilluxe,ice,,71,95,85,110,95,79
585,deerling,normal,grass,60,60,50,40,50,75
586,sawsbuck,normal,grass,80,100,70,60,70,95
587,emolga,electric,flying,55,75,60,75,60,103
588,karrablast,bug,,50,75,45,40,45,60
589,escavalier,bug,steel,70,135,105,60,105,20
590,foongus,grass,poison,69,55,45,55,55,15
591,amoonguss,grass,poison,114,85,70,85,80,30
592,frillish,water,ghost,55,40,50,65,85,40
593,jellicent,water,ghost,100,60,70,85,105,60
594,alomomola,water,,165,75,80,40,45,65
595,joltik,bug,electric,50,47,50,57,50,65
596,galvantula,bug,electric,70,77,60,97,60,108
597,ferroseed,grass,steel,44,50,91,24,86,10
598,ferrothorn,grass,steel,74,94,131,54,116,20
599,klink,steel,,40,55,70,45,60,30
600,klang,steel,,60,80,95,70,85,50
601,klinklang,steel,,60,100,115,70,85,90
602,tynamo,electric,,35,55,40,45,40,60
603,eelektrik,electric,,65,85,70,75,70,40
604,eelektross,electric,,85,115,80,105,80,50
605,elgyem,psychic,,55,55,55,85,55,30
606,beheeyem,psychic,,75,75,75,125,95,40
607,litwick,ghost,fire,50,30,55,65,55,20
608,lampent,ghost,fire,60,40,60,95,60,55
609,chandelure,ghost,fire,60,55,90,145,90,80
610,axew,dragon,,46,87,60,30,40,57
611,fraxure,dragon,,66,117,70,40,50,67
612,haxorus,dragon,,76,147,90,60,70,97
613,cubchoo,ice,,55,70,40,60,40,40
614,beartic,ice,,95,110,80,70,80,50
615,cryogonal,ice,,70,50,30,95,135,105
616,shelmet,bug,,50,40,85,40,65,25
617,accelgor,bug,,80,70,40,100,60,145
618,stunfisk,ground,electric,109,66,84,81,99,32
619,mienfoo,fighting,,45,85,50,55,50,65
620,mienshao,fighting,,65,125,60,95,60,105
621,druddigon,dragon,,77,120,90,60,90,48
622,golett,ground,ghost,59,74,50,35,50,35
623,golurk,ground,ghost,89,124,80,55,80,55
624,pawniard,dark,steel,45,85,70,40,40,60
625,bisharp,dark,steel,65,125,100,60,70,70
626,bouffalant,normal,,95,110,95,40,95,55
627,rufflet,normal,flying,70,83,50,37,50,60
628,braviary,normal,flying,100,123,75,57,75,80
629,vullaby,dark,flying,70,55,75,45,65,60
630,mandibuzz,dark,flying,110,65,105,55,95,80
631,heatmor,fire,,85,97,66,105,66,65
632,durant,bug,steel,58,109,112,48,48,109
633,deino,dark,dragon,52,65,50,45,50,38
634,zweilous,dark,dragon,72,85,70,65,70,58
635,hydreigon,dark,dragon,92,105,90,125,90,98
636,larvesta,bug,fire,55,85,55,50,55,60
637,volcarona,bug,fire,85,60,65,135,105,100
638,cobalion,steel,fighting,91,90,129,90,72,108
639,terrakion,rock,fighting,91,129,90,72,90,108
640,virizion,grass,fighting,91,90,72,90,129,108
641,tornadus,flying,,79,115,70,125,80,111
642,thundurus,electric,flying,79,115,70,125,80,111
643,reshiram,dragon,fire,100,120,100,150,120,90
644,zekrom,dragon,electric,100,150,120,120,100,90
645,landorus,ground,flying,89,125,90,115,80,101
646,kyurem,dragon,ice,125,130,90,130,90,95
647,keldeo,water,fighting,91,72,90,129,90,108
648,meloetta,normal,psychic,100,77,77,128,128,90
649,genesect,bug,steel,71,120,95,120,95,99
650,chespin,grass,,56,61,65,48,45,38
651,quilladin,grass,,61,78,95,56,58,57
652,chesnaught,grass,fighting,88,107,122,74,75,64
653,fennekin,fire,,40,45,40,62,60,60
654,braixen,fire,,59,59,58,90,70,73
655,delphox,fire,psychic,75,69,72,114,100,104
656,froakie,water,,41,56,40,62,44,71
657,frogadier,water,,54,63,52,83,56,97
658,greninja,water,dark,72,95,67,103,71,122
659,bunnelby,normal,,38,36,38,32,36,57
660,diggersby,normal,ground,85,56,77,50,77,78
661,fletchling,normal,flying,45,50,43,40,38,62
662,fletchinder,fire,flying,62,73,55,56,52,84
663,talonflame,fire,flying,78,81,71,74,69,126
664,scatterbug,bug,,38,35,40,27,25,35
665,spewpa,bug,,45,22,60,27,30,29
666,vivillon,bug,flying,80,52,50,90,50,89
667,litleo,fire,normal,62,50,58,73,54,72
668,pyroar,fire,normal,86,68,72,109,66,106
669,flabebe,fairy,,44,38,39,61,79,42
670,floette,fairy,,54,45,47,75,98,52
671,florges,fairy,,78,65,68,112,154,75
672,skiddo,grass,,66,65,48,62,57,52
673,gogoat,grass,,123,100,62,97,81,68
674,pancham,fighting,,67,82,62,46,48,43
675,pangoro,fighting,dark,95,124,78,69,71,58
676,furfrou,normal,,75,80,60,65,90,102
677,espurr,psychic,,62,48,54,63,60,68
678,meowstic,psychic,,74,48,76,83,81,104
679,honedge,steel,ghost,45,80,100,35,37,28
680,doublade,steel,ghost,59,110,150,45,49,35
681,aegislash,steel,ghost,60,50,150,50,150,60
682,spritzee,fairy,,78,52,60,63,65,23
683,aromatisse,fairy,,101,72,72,99,89,29
684,swirlix,fairy,,62,48,66,59,57,49
685,slurpuff,fairy,,82,80,86,85,75,72
686,inkay,dark,psychic,53,54,53,37,46,45
687,malamar,dark,psychic,86,92,88,68,75,73
688,binacle,rock,water,42,52,67,39,56,50
689,barbaracle,rock,water,72,105,115,54,86,68
690,skrelp,poison,water,50,60,60,60,60,30
691,dragalge,poison,dragon,65,75,90,97,123,44
692,clauncher,water,,50,53,62,58,63,44
693,clawitzer,water,,71,73,88,120,89,59
694,helioptile,electric,normal,44,38,33,61,43,70
695,heliolisk,electric,normal,62,55,52,109,94,109
696,tyrunt,rock,dragon,58,89,77,45,45,48
697,tyrantrum,rock,dragon,82,121,119,69,59,71
698,amaura,rock,ice,77,59,50,67,63,46
699,aurorus,rock,ice,123,77,72,99,92,58
700,sylveon,fairy,,95,65,65,110,130,60
701,hawlucha,fighting,flying,78,92,75,74,63,118
702,dedenne,electric,fairy,67,58,57,81,67,101
703,carbink,rock,fairy,50,50,150,50,150,50
704,goomy,dragon,,45,50,35,55,75,40
705,sliggoo,dragon,,68,75,53,83,113,60
706,goodra,dragon,,90,100,70,110,150,80
707,klefki,steel,fairy,57,80,91,80,87,75
708,phantump,ghost,grass,43,70,48,50,60,38
709,trevenant,ghost,grass,85,110,76,65,82,56
710,pumpkaboo,ghost,grass,49,66,70,44,55,51
711,gourgeist,ghost,grass,65,90,122,58,75,84
712,bergmite,ice,,55,69,85,32,35,28
713,avalugg,ice,,95,117,184,44,46,28
714,noibat,flying,dragon,40,30,35,45,40,55
715,noivern,flying,dragon,85,70,80,97,80,123
716,xerneas,fairy,,126,131,95,131,98,99
717,yveltal,dark,flying,126,131,95,131,98,99
718,zygarde,dragon,ground,108,100,121,81,95,95
719,diancie,rock,fairy,50,100,150,100,150,50
720,hoopa,psychic,ghost,80,110,60,150,130,70
721,volcanion,fire,water,80,110,120,130,90,70